Results of Spatial Structure Analysis,,,,,,,,,,,,,,,,,,,,,,,,,,,,,,,,,,,,,,,,,,,,,,,,,,,,,,,,,,,,,,,,,,,,,,,,,,,,,,,,,,,,,,,,,,,,,,,,,
,,,,,,,,,,,,,,,,,,,,,,,,,,,,,,,,,,,,,,,,,,,,,,,,,,,,,,,,,,,,,,,,,,,,,,,,,,,,,,,,,,,,,,,,,,,,,,,,,
Genetic Distance,GD,,,,,,,,,,,,,,,,,,,,,,,,,,,,,,,,,,,,,,,,,,,,,,,,,,,,,,,,,,,,,,,,,,,,,,,,,,,,,,,,,,,,,,,,,,,,,,,,
Geographic Distance,GGD,,,,,,,,,,,,,,,,,,,,,,,,,,,,,,,,,,,,,,,,,,,,,,,,,,,,,,,,,,,,,,,,,,,,,,,,,,,,,,,,,,,,,,,,,,,,,,,,
Data Title,,,,,,,,,,,,,,,,,,,,,,,,,,,,,,,,,,,,,,,,,,,,,,,,,,,,,,,,,,,,,,,,,,,,,,,,,,,,,,,,,,,,,,,,,,,,,,,,,
,,,,,,,,,,,,,,,,,,,,,,,,,,,,,,,,,,,,,,,,,,,,,,,,,,,,,,,,,,,,,,,,,,,,,,,,,,,,,,,,,,,,,,,,,,,,,,,,,
No. Samples,53,,,,,,,,,,,,,,,,,,,,,,,,,,,,,,,,,,,,,,,,,,,,,,,,,,,,,,,,,,,,,,,,,,,,,,,,,,,,,,,,,,,,,,,,,,,,,,,,
Even Distance Classes (Size = 1),,,,,,,,,,,,,,,,,,,,,,,,,,,,,,,,,,,,,,,,,,,,,,,,,,,,,,,,,,,,,,,,,,,,,,,,,,,,,,,,,,,,,,,,,,,,,,,,,
No. Dist. Classes,100,,,,,,,,,,,,,,,,,,,,,,,,,,,,,,,,,,,,,,,,,,,,,,,,,,,,,,,,,,,,,,,,,,,,,,,,,,,,,,,,,,,,,,,,,,,,,,,,
No. Permutations,99,,,,,,,,,,,,,,,,,,,,,,,,,,,,,,,,,,,,,,,,,,,,,,,,,,,,,,,,,,,,,,,,,,,,,,,,,,,,,,,,,,,,,,,,,,,,,,,,
No. Bootstraps,100,,,,,,,,,,,,,,,,,,,,,,,,,,,,,,,,,,,,,,,,,,,,,,,,,,,,,,,,,,,,,,,,,,,,,,,,,,,,,,,,,,,,,,,,,,,,,,,,
,,,,,,,,,,,,,,,,,,,,,,,,,,,,,,,,,,,,,,,,,,,,,,,,,,,,,,,,,,,,,,,,,,,,,,,,,,,,,,,,,,,,,,,,,,,,,,,,,
,,,,,,,,,,,,,,,,,,,,,,,,,,,,,,,,,,,,,,,,,,,,,,,,,,,,,,,,,,,,,,,,,,,,,,,,,,,,,,,,,,,,,,,,,,,,,,,,,
,,,,,,,,,,,,,,,,,,,,,,,,,,,,,,,,,,,,,,,,,,,,,,,,,,,,,,,,,,,,,,,,,,,,,,,,,,,,,,,,,,,,,,,,,,,,,,,,,
,,,,,,,,,,,,,,,,,,,,,,,,,,,,,,,,,,,,,,,,,,,,,,,,,,,,,,,,,,,,,,,,,,,,,,,,,,,,,,,,,,,,,,,,,,,,,,,,,
,,,,,,,,,,,,,,,,,,,,,,,,,,,,,,,,,,,,,,,,,,,,,,,,,,,,,,,,,,,,,,,,,,,,,,,,,,,,,,,,,,,,,,,,,,,,,,,,,
,,,,,,,,,,,,,,,,,,,,,,,,,,,,,,,,,,,,,,,,,,,,,,,,,,,,,,,,,,,,,,,,,,,,,,,,,,,,,,,,,,,,,,,,,,,,,,,,,
,,,,,,,,,,,,,,,,,,,,,,,,,,,,,,,,,,,,,,,,,,,,,,,,,,,,,,,,,,,,,,,,,,,,,,,,,,,,,,,,,,,,,,,,,,,,,,,,,
,,,,,,,,,,,,,,,,,,,,,,,,,,,,,,,,,,,,,,,,,,,,,,,,,,,,,,,,,,,,,,,,,,,,,,,,,,,,,,,,,,,,,,,,,,,,,,,,,
,,,,,,,,,,,,,,,,,,,,,,,,,,,,,,,,,,,,,,,,,,,,,,,,,,,,,,,,,,,,,,,,,,,,,,,,,,,,,,,,,,,,,,,,,,,,,,,,,
,,,,,,,,,,,,,,,,,,,,,,,,,,,,,,,,,,,,,,,,,,,,,,,,,,,,,,,,,,,,,,,,,,,,,,,,,,,,,,,,,,,,,,,,,,,,,,,,,
,,,,,,,,,,,,,,,,,,,,,,,,,,,,,,,,,,,,,,,,,,,,,,,,,,,,,,,,,,,,,,,,,,,,,,,,,,,,,,,,,,,,,,,,,,,,,,,,,
,,,,,,,,,,,,,,,,,,,,,,,,,,,,,,,,,,,,,,,,,,,,,,,,,,,,,,,,,,,,,,,,,,,,,,,,,,,,,,,,,,,,,,,,,,,,,,,,,
,,,,,,,,,,,,,,,,,,,,,,,,,,,,,,,,,,,,,,,,,,,,,,,,,,,,,,,,,,,,,,,,,,,,,,,,,,,,,,,,,,,,,,,,,,,,,,,,,
,,,,,,,,,,,,,,,,,,,,,,,,,,,,,,,,,,,,,,,,,,,,,,,,,,,,,,,,,,,,,,,,,,,,,,,,,,,,,,,,,,,,,,,,,,,,,,,,,
,,,,,,,,,,,,,,,,,,,,,,,,,,,,,,,,,,,,,,,,,,,,,,,,,,,,,,,,,,,,,,,,,,,,,,,,,,,,,,,,,,,,,,,,,,,,,,,,,
,,,,,,,,,,,,,,,,,,,,,,,,,,,,,,,,,,,,,,,,,,,,,,,,,,,,,,,,,,,,,,,,,,,,,,,,,,,,,,,,,,,,,,,,,,,,,,,,,
,,,,,,,,,,,,,,,,,,,,,,,,,,,,,,,,,,,,,,,,,,,,,,,,,,,,,,,,,,,,,,,,,,,,,,,,,,,,,,,,,,,,,,,,,,,,,,,,,
n,22,3,7,17,17,25,20,25,40,22,31,42,26,51,35,35,22,34,27,26,27,16,36,7,22,15,9,5,14,8,5,13,6,7,6,13,7,9,5,1,8,8,3,3,1,2,15,0,2,8,4,5,6,2,6,8,5,5,12,17,11,15,7,12,28,20,14,6,14,15,30,14,14,22,20,28,13,12,26,17,12,29,11,21,10,10,8,2,1,5,5,12,9,7,2,15,3
Distance Class (End Point),1,2,3,4,5,6,7,8,9,10,11,12,13,14,15,16,17,18,19,20,21,22,23,24,25,26,27,28,29,30,31,32,33,34,35,36,37,38,39,40,41,42,43,44,45,46,47,48,49,50,51,52,53,54,55,56,57,58,59,60,61,62,63,64,65,66,67,68,69,70,71,72,73,74,75,76,77,78,79,80,81,82,83,84,85,86,87,88,89,90,91,92,93,94,95,96,97
r,0.183,-0.002,-0.045,0.032,0.104,0.048,-0.010,-0.032,-0.019,-0.025,-0.025,0.050,-0.032,0.005,-0.068,0.004,0.001,-0.040,0.027,0.014,0.040,-0.102,-0.033,0.027,-0.013,-0.018,0.001,-0.098,0.050,-0.067,0.108,-0.042,0.103,-0.073,-0.032,0.016,0.023,0.059,-0.027,-0.306,-0.096,0.074,0.174,0.077,-0.210,-0.055,0.010,0.019,0.072,-0.046,0.123,-0.025,-0.007,0.082,0.046,-0.158,-0.011,0.071,0.067,-0.033,-0.018,0.072,0.108,0.040,-0.099,0.025,-0.014,-0.146,-0.080,0.022,0.078,-0.029,-0.028,0.018,0.042,0.002,0.010,0.044,-0.000,-0.023,-0.122,-0.025,-0.006,-0.084,0.060,0.073,0.046,0.140,-0.121,0.100,0.045,-0.124,-0.021,0.022,0.082,0.102,0.012
U,0.070,0.243,0.130,0.082,0.091,0.064,0.065,0.057,0.044,0.064,0.057,0.070,0.052,0.050,0.051,0.054,0.066,0.070,0.053,0.055,0.063,0.067,0.041,0.108,0.058,0.082,0.108,0.127,0.084,0.148,0.143,0.090,0.153,0.114,0.164,0.091,0.091,0.116,0.152,0.351,0.100,0.141,0.171,0.183,0.274,0.230,0.084,0.019,0.207,0.107,0.176,0.151,0.156,0.216,0.153,0.138,0.171,0.144,0.109,0.094,0.110,0.083,0.116,0.115,0.059,0.081,0.075,0.140,0.084,0.090,0.063,0.073,0.113,0.075,0.072,0.051,0.110,0.113,0.076,0.092,0.077,0.046,0.088,0.081,0.092,0.091,0.118,0.249,0.270,0.185,0.139,0.074,0.090,0.114,0.220,0.082,0.190
L,-0.057,-0.200,-0.104,-0.084,-0.068,-0.069,-0.069,-0.076,-0.051,-0.064,-0.068,-0.047,-0.062,-0.053,-0.065,-0.056,-0.073,-0.050,-0.080,-0.076,-0.077,-0.095,-0.047,-0.151,-0.072,-0.094,-0.111,-0.123,-0.117,-0.161,-0.138,-0.087,-0.155,-0.122,-0.104,-0.083,-0.129,-0.104,-0.138,-0.317,-0.122,-0.113,-0.149,-0.187,-0.317,-0.232,-0.077,0.019,-0.215,-0.102,-0.176,-0.116,-0.133,-0.225,-0.123,-0.140,-0.128,-0.149,-0.086,-0.082,-0.112,-0.070,-0.112,-0.099,-0.078,-0.081,-0.089,-0.139,-0.089,-0.107,-0.070,-0.105,-0.120,-0.079,-0.097,-0.065,-0.091,-0.099,-0.061,-0.086,-0.126,-0.073,-0.093,-0.081,-0.113,-0.101,-0.118,-0.233,-0.309,-0.126,-0.161,-0.119,-0.086,-0.154,-0.233,-0.077,-0.168
P(r-rand >= r-data),0.010,0.500,0.720,0.240,0.010,0.150,0.620,0.830,0.760,0.740,0.850,0.070,0.840,0.480,0.990,0.440,0.510,0.940,0.190,0.320,0.150,0.990,0.900,0.260,0.660,0.590,0.480,0.900,0.140,0.850,0.070,0.860,0.060,0.900,0.770,0.450,0.350,0.210,0.620,0.980,0.940,0.100,0.030,0.210,0.870,0.680,0.350,1.000,0.260,0.780,0.070,0.630,0.560,0.150,0.310,1.000,0.610,0.130,0.130,0.730,0.720,0.050,0.050,0.230,1.000,0.220,0.600,0.990,0.970,0.360,0.020,0.670,0.710,0.370,0.110,0.520,0.430,0.200,0.510,0.670,0.980,0.700,0.380,0.990,0.090,0.070,0.290,0.160,0.780,0.090,0.230,1.000,0.690,0.420,0.240,0.020,0.460
P(r-rand <= r-data),1.000,0.510,0.290,0.770,1.000,0.860,0.390,0.180,0.250,0.270,0.160,0.940,0.170,0.530,0.020,0.570,0.500,0.070,0.820,0.690,0.860,0.020,0.110,0.750,0.350,0.420,0.530,0.110,0.870,0.160,0.940,0.150,0.950,0.110,0.240,0.560,0.660,0.800,0.390,0.040,0.070,0.910,0.980,0.800,0.140,0.330,0.660,1.000,0.750,0.230,0.940,0.380,0.450,0.860,0.700,0.010,0.400,0.880,0.880,0.280,0.290,0.960,0.960,0.780,0.010,0.790,0.410,0.020,0.040,0.650,0.990,0.340,0.300,0.640,0.900,0.490,0.580,0.810,0.500,0.340,0.030,0.310,0.630,0.020,0.920,0.940,0.720,0.850,0.230,0.920,0.780,0.010,0.320,0.590,0.770,0.990,0.550
Correction,0.019,0.019,0.019,0.019,0.019,0.019,0.019,0.019,0.019,0.019,0.019,0.019,0.019,0.019,0.019,0.019,0.019,0.019,0.019,0.019,0.019,0.019,0.019,0.019,0.019,0.019,0.019,0.019,0.019,0.019,0.019,0.019,0.019,0.019,0.019,0.019,0.019,0.019,0.019,0.019,0.019,0.019,0.019,0.019,0.019,0.019,0.019,0.019,0.019,0.019,0.019,0.019,0.019,0.019,0.019,0.019,0.019,0.019,0.019,0.019,0.019,0.019,0.019,0.019,0.019,0.019,0.019,0.019,0.019,0.019,0.019,0.019,0.019,0.019,0.019,0.019,0.019,0.019,0.019,0.019,0.019,0.019,0.019,0.019,0.019,0.019,0.019,0.019,0.019,0.019,0.019,0.019,0.019,0.019,0.019,0.019,0.019
r uc,0.164,-0.021,-0.064,0.013,0.085,0.029,-0.029,-0.051,-0.039,-0.044,-0.044,0.031,-0.051,-0.014,-0.088,-0.015,-0.018,-0.059,0.008,-0.005,0.020,-0.121,-0.052,0.007,-0.032,-0.037,-0.019,-0.117,0.031,-0.086,0.089,-0.061,0.084,-0.093,-0.051,-0.003,0.004,0.040,-0.046,-0.325,-0.116,0.055,0.155,0.058,-0.229,-0.074,-0.010,0.000,0.053,-0.065,0.104,-0.044,-0.027,0.062,0.027,-0.177,-0.030,0.052,0.048,-0.052,-0.037,0.052,0.088,0.020,-0.118,0.005,-0.033,-0.165,-0.099,0.003,0.058,-0.048,-0.047,-0.001,0.023,-0.017,-0.009,0.024,-0.019,-0.042,-0.141,-0.044,-0.025,-0.103,0.041,0.054,0.027,0.120,-0.140,0.080,0.026,-0.143,-0.041,0.003,0.063,0.082,-0.007
U uc,0.051,0.224,0.111,0.062,0.072,0.045,0.046,0.038,0.025,0.045,0.038,0.050,0.033,0.031,0.032,0.035,0.047,0.051,0.034,0.036,0.044,0.048,0.021,0.089,0.039,0.062,0.089,0.107,0.065,0.129,0.124,0.071,0.133,0.095,0.144,0.072,0.072,0.096,0.133,0.331,0.081,0.122,0.151,0.163,0.255,0.211,0.065,0.000,0.188,0.088,0.157,0.132,0.137,0.197,0.133,0.119,0.152,0.125,0.089,0.075,0.091,0.063,0.097,0.096,0.039,0.062,0.056,0.121,0.065,0.070,0.044,0.054,0.094,0.056,0.053,0.032,0.091,0.094,0.057,0.073,0.058,0.027,0.068,0.062,0.073,0.072,0.098,0.229,0.251,0.166,0.120,0.055,0.071,0.095,0.200,0.062,0.171
L uc,-0.077,-0.219,-0.124,-0.104,-0.088,-0.088,-0.089,-0.095,-0.070,-0.083,-0.087,-0.066,-0.081,-0.072,-0.084,-0.075,-0.092,-0.070,-0.099,-0.095,-0.096,-0.114,-0.067,-0.170,-0.091,-0.113,-0.130,-0.142,-0.136,-0.181,-0.158,-0.107,-0.175,-0.141,-0.123,-0.102,-0.149,-0.123,-0.157,-0.337,-0.141,-0.132,-0.168,-0.206,-0.337,-0.251,-0.096,0.000,-0.235,-0.121,-0.195,-0.135,-0.152,-0.244,-0.143,-0.159,-0.148,-0.169,-0.105,-0.102,-0.131,-0.089,-0.131,-0.118,-0.097,-0.100,-0.108,-0.159,-0.109,-0.126,-0.089,-0.124,-0.139,-0.098,-0.117,-0.084,-0.110,-0.118,-0.080,-0.105,-0.145,-0.092,-0.112,-0.101,-0.132,-0.120,-0.137,-0.253,-0.328,-0.145,-0.181,-0.138,-0.105,-0.173,-0.253,-0.097,-0.187
Mean Bootstrap r,0.181,,-0.041,0.033,0.108,0.047,-0.014,-0.034,-0.021,-0.024,-0.025,0.052,-0.032,0.007,-0.064,0.004,0.001,-0.037,0.031,0.016,0.044,-0.095,-0.030,0.020,-0.015,-0.017,-0.002,,0.051,-0.069,,-0.043,0.093,-0.075,-0.029,0.012,0.022,0.063,,,-0.090,0.072,,,,,0.004,,,-0.035,,,-0.009,,0.041,-0.155,,,0.069,-0.024,-0.022,0.073,0.096,0.056,-0.099,0.030,-0.015,-0.148,-0.079,0.021,0.077,-0.026,-0.033,0.022,0.038,-0.000,0.010,0.039,-0.002,-0.028,-0.125,-0.023,-0.002,-0.083,0.057,0.076,0.055,,,,,-0.119,-0.027,0.026,,0.104,
Ur error,0.102,,0.102,0.080,0.076,0.073,0.048,0.082,0.048,0.069,0.059,0.052,0.061,0.048,0.049,0.052,0.055,0.056,0.068,0.048,0.061,0.094,0.050,0.042,0.061,0.111,0.058,,0.075,0.048,,0.050,0.139,0.237,0.033,0.069,0.094,0.172,,,0.093,0.048,,,,,0.052,,,0.086,,,0.121,,0.145,0.108,,,0.059,0.109,0.070,0.103,0.118,0.105,0.054,0.071,0.088,0.116,0.103,0.098,0.063,0.063,0.093,0.058,0.069,0.073,0.096,0.071,0.041,0.061,0.115,0.042,0.072,0.055,0.118,0.104,0.096,,,,,0.093,0.086,0.064,,0.051,
Lr error,0.085,,0.089,0.078,0.070,0.068,0.054,0.082,0.060,0.059,0.061,0.046,0.067,0.049,0.051,0.052,0.066,0.054,0.055,0.050,0.067,0.039,0.038,0.079,0.070,0.085,0.072,,0.114,0.093,,0.063,0.182,0.160,0.031,0.065,0.111,0.131,,,0.060,0.058,,,,,0.064,,,0.102,,,0.157,,0.177,0.064,,,0.080,0.107,0.086,0.084,0.175,0.108,0.065,0.081,0.089,0.099,0.085,0.097,0.063,0.069,0.087,0.064,0.073,0.062,0.110,0.102,0.051,0.095,0.118,0.046,0.064,0.053,0.082,0.094,0.095,,,,,0.081,0.115,0.089,,0.047,
Ur,0.285,,0.057,0.112,0.180,0.121,0.038,0.051,0.029,0.044,0.033,0.102,0.030,0.053,-0.020,0.056,0.056,0.016,0.095,0.062,0.101,-0.008,0.017,0.069,0.048,0.093,0.058,,0.125,-0.019,,0.008,0.243,0.163,0.001,0.085,0.117,0.231,,,-0.004,0.122,,,,,0.061,,,0.041,,,0.113,,0.191,-0.050,,,0.127,0.076,0.052,0.175,0.225,0.145,-0.045,0.096,0.074,-0.030,0.024,0.120,0.140,0.035,0.064,0.076,0.111,0.075,0.106,0.115,0.041,0.038,-0.007,0.017,0.067,-0.030,0.178,0.177,0.142,,,,,-0.031,0.064,0.086,,0.153,
Lr,0.098,,-0.134,-0.046,0.034,-0.020,-0.064,-0.114,-0.079,-0.083,-0.086,0.004,-0.099,-0.044,-0.120,-0.048,-0.065,-0.094,-0.027,-0.036,-0.027,-0.141,-0.071,-0.052,-0.083,-0.103,-0.071,,-0.064,-0.160,,-0.105,-0.079,-0.234,-0.063,-0.049,-0.088,-0.072,,,-0.156,0.016,,,,,-0.055,,,-0.147,,,-0.164,,-0.131,-0.222,,,-0.013,-0.140,-0.103,-0.012,-0.068,-0.068,-0.164,-0.056,-0.102,-0.244,-0.165,-0.076,0.015,-0.098,-0.115,-0.046,-0.031,-0.061,-0.101,-0.058,-0.051,-0.118,-0.240,-0.071,-0.070,-0.138,-0.022,-0.020,-0.049,,,,,-0.204,-0.137,-0.067,,0.054,
Intercept,1.989,,,,,,,,,,,,,,,,,,,,,,,,,,,,,,,,,,,,,,,,,,,,,,,,,,,,,,,,,,,,,,,,,,,,,,,,,,,,,,,,,,,,,,,,,,,,,,,,
,,,,,,,,,,,,,,,,,,,,,,,,,,,,,,,,,,,,,,,,,,,,,,,,,,,,,,,,,,,,,,,,,,,,,,,,,,,,,,,,,,,,,,,,,,,,,,,,,
"r, U and L values are adjusted by the correction factor.  Uncorrected values are shown as r uc, U uc, L uc.  Bootstrap mean, Ur, Lr are also adjusted by the correction factor.",,,,,,,,,,,,,,,,,,,,,,,,,,,,,,,,,,,,,,,,,,,,,,,,,,,,,,,,,,,,,,,,,,,,,,,,,,,,,,,,,,,,,,,,,,,,,,,,,
Upper (Ur error) and lower (Lr error) error bars bound the 95% confidence interval about r as determined by bootstrap resampling.,,,,,,,,,,,,,,,,,,,,,,,,,,,,,,,,,,,,,,,,,,,,,,,,,,,,,,,,,,,,,,,,,,,,,,,,,,,,,,,,,,,,,,,,,,,,,,,,,
Upper (U) and lower (L) confidence limits bound the 95% confidence interval about the null hypothesis of No spatial structure for the combined data set as determined by permutation.,,,,,,,,,,,,,,,,,,,,,,,,,,,,,,,,,,,,,,,,,,,,,,,,,,,,,,,,,,,,,,,,,,,,,,,,,,,,,,,,,,,,,,,,,,,,,,,,,